2.3172,2.2598
2.2443,-2.0583
2.9419,2.2443
2.9655,2.9419
2.9655,-2.1149
-1.8609,-2.2806
-1.6744,-2.1149
-2.1016,-2.2173
2.4903,-2.3334
2.6857,-2.7232
-0.67143,-2.1314
-1.372,-1.9543
-0.6184,-1.0769
-0.37509,-0.41929
2.2443,-2.3338
2.265,-2.3338
2.2443,2.169
2.2751,2.246
2.6157,2.265
2.4078,2.2498
2.8141,2.5016
2.5016,2.3172
2.5016,2.2598
2.2291,2.1748
2.7059,2.1766
2.5226,2.3572
2.9185,2.3572
3.1353,2.596
2.9185,-1.5635
3.0048,-1.7512
3.1353,-0.48386
-0.39104,-1.7512
-0.42511,-1.7535
-0.39104,-0.94395
-0.47699,-0.64564
-0.47699,-1.7494
2.2665,-0.66485
2.4565,-0.66485
2.9721,-1.3871
2.9419,-1.6246
2.9655,-1.6246
2.9721,-0.63918
-0.63918,-2.9952
-0.48375,-0.84583
-0.78594,-2.9952
-0.78594,-2.083
-0.35026,-2.1269
-0.31355,-1.8609
-0.31355,-2.1016
-0.27137,-1.9134
0.10325,-0.22815
-0.27476,-2.2173
-0.25372,-2.3604
0.10325,0.037431
-0.18484,-3.087
-0.068109,-3.087
2.6857,0.16733
-0.046577,-2.6769
0.49218,0.28663
0.60443,0.46804
2.6448,-2.7232
2.5339,0.60443
2.6448,-0.67143
-0.67792,-1.5503
-0.21794,-2.0706
-0.84609,-1.3452
-0.67792,-2.0326
-0.84609,-1.9613
-1.0829,-1.9543
-1.039,-1.372
-0.62849,-1.7944
-0.44492,-0.72093
-0.44492,-2.4818
-0.35016,-2.4084
-0.56102,-0.80707
-0.43611,-0.56102
-0.39788,-0.56102
-0.48068,-0.79699
3.0846,2.1177
2.2154,2.1662
2.246,2.1274
2.6157,2.2127
2.3603,2.246
2.5016,2.3603
2.2478,2.2443
2.3797,2.2443
2.3603,2.2701
2.2291,1.8724
2.596,2.2443
2.4551,1.1852
2.916,-0.096368
-0.11683,-2.7108
3.0048,-0.39104
-0.39104,-3.0129
-0.26766,-0.43394
-0.35662,-0.43394
-0.35662,-0.47699
-0.42511,-1.0455
-0.42702,-1.0928
-0.54696,-0.94395
-0.5889,-1.7494
-0.5889,-1.9238
-1.3871,-1.6246
2.4565,-0.87549
-0.5113,-1.6246
2.9655,-0.31591
-0.29568,-0.72468
-0.17757,-0.48375
-0.76571,-0.84451
-0.17757,-0.84583
-0.12171,-0.76368
-0.4587,-0.78594
-0.078673,-0.14075
-0.03006,-0.29537
0.010193,-0.14075
0.023063,-0.24295
-0.27476,-0.31355
0.023063,0.0021514
0.085651,-2.2173
0.060705,0.047561
-0.18484,-0.25372
0.094563,0.047561
0.087908,0.037431
0.067691,0.041588
0.087908,0.067805
0.048232,-3.1361
0.020112,-2.6769
0.46804,0.23268
2.4521,0.037122
2.2361,0.29661
0.60443,-0.12312
2.7634,-0.21794
-0.10066,-0.69528
2.2412,-0.45742
-0.30395,-2.0706
-0.28327,-1.0017
-0.45742,-1.0017
-0.50558,-1.1807
-0.62048,-0.94341
-0.9749,-1.0276
-0.65967,-1.1617
-1.1617,-1.2579
-0.98367,-1.8808
-1.0232,-1.0514
-1.0232,-1.7889
-0.97747,-1.679
-1.0514,-2.4818
-0.72093,-2.4818
-0.35885,-0.72093
-0.44068,-2.4084
-0.65108,-0.8148
-0.55094,-0.56102
-0.411,-0.50818
-0.32136,-0.65326
-0.48068,-0.55155
-0.58434,-0.60036
2.3381,2.1662
2.1716,-2.7773
2.2443,2.2127
2.6157,2.2443
2.5016,2.2443
2.3485,2.2443
2.4116,2.3485
2.4162,2.2443
2.1748,1.8724
2.4765,1.8724
2.9185,2.0925
2.6581,0.14616
0.80789,-0.11683
3.1012,-0.24159
2.9185,-0.35196
3.1353,-0.60641
-0.35196,-0.42618
-0.090097,-0.35662
-0.25554,-0.42511
-0.29785,-0.66485
-0.49971,-0.60806
-0.4578,-0.75131
-0.64564,-0.84253
-0.23436,-1.9703
-0.59042,-1.3871
-0.87549,-1.3871
-0.87549,-1.4601
-0.059311,-1.6978
-0.059311,-0.62769
-0.063723,-0.62769
-0.1867,-0.72468
-0.17757,-0.24473
-0.21276,-0.84451
-0.084419,-0.84451
-0.085244,-0.76368
-0.084419,-0.35026
-0.054568,-0.35026
-0.054568,-0.20942
-0.011267,-0.20942
0.041267,0.010193
0.047714,-0.27476
0.12932,0.041267
0.0793,-0.18484
0.10987,-0.13042
0.12932,0.087908
0.10564,-0.068109
0.048232,-0.05748
0.020112,-0.046577
-0.046577,-0.07091
0.23268,0.035624
0.16733,0.10926
2.5339,0.11149
2.6448,0.0037867
2.7634,-0.10066
0.0037867,-0.40803
-0.12312,-0.34537
-0.21794,-0.42947
-0.30395,-0.92977
-0.45742,-0.60008
-0.42004,-1.0829
-0.74825,-1.1807
-0.68138,-1.0225
-0.5405,-1.0225
-0.82682,-1.0225
-0.62048,-1.8808
-0.62822,-0.74295
-1.0514,-1.9672
-1.0514,-1.7598
-1.2162,-1.7889
-1.7598,-2.4818
-0.8148,-1.367
-0.43611,-1.2189
-0.55094,-0.80707
-0.32225,-1.4239
-0.32136,-0.35885
-0.3017,-1.4908
-0.50818,-0.58434
-0.50818,-1.5635
-0.54366,-1.3275
2.3232,2.1274
2.441,2.169
2.2443,2.2443
2.2478,-2.7773
2.2443,2.2443
2.6157,0.10124
2.2478,0.10761
2.5016,0.0082852
2.2443,0.12194
2.2701,-0.10827
2.2443,-0.21325
2.2443,-0.38318
0.026194,-0.21325
0.80789,-0.59036
0.14616,-0.32072
-0.11683,-0.63259
-0.26766,-0.59036
-0.26766,-0.63259
-0.24891,-0.60641
-0.42702,-0.60641
-0.35662,-0.71731
-0.35662,-0.45112
-0.42702,-1.5242
-0.5889,-0.84253
-0.75131,-0.80411
-0.13601,-0.4174
-0.13601,-0.84473
-0.015126,-1.6246
-0.015126,-0.5113
-0.1867,-0.29568
-0.1867,-0.24473
-0.21276,-0.3159
-0.12494,-0.24473
-0.084419,-0.21276
-0.085244,-0.12171
-0.03006,-0.12494
-0.03006,-0.085244
-0.079956,-0.20942
0.064805,-0.054568
0.064805,-0.011267
0.034977,0.023063
0.10987,0.047714
0.080014,-0.25372
0.15179,0.091359
0.15179,0.094563
0.12932,0.10318
0.19851,-0.05748
0.11052,-0.042983
-0.0062621,-0.05748
0.035624,-0.013636
0.16733,0.076371
0.10926,-0.042983
0.044067,0.037122
0.03241,0.0037867
0.23268,-0.034513
0.0028404,-0.10066
0.0037867,-0.25684
-0.21794,-0.31908
-0.28327,-0.39213
-0.28786,-0.50558
-0.58198,-0.84609
-0.58031,-0.60008
-0.58031,-0.69575
-0.74203,-1.0225
-0.68138,-0.82682
-0.65967,-2.7315
-0.62822,-1.2867
-1.039,-2.2784
-1.0875,-1.8808
-1.367,-1.7889
-0.83337,-1.7598
-0.7894,-1.2162
-0.44068,-1.5233
-0.54162,-0.55094
-0.44068,-1.5683
-1.4239,-1.5158
-0.31908,-1.5683
-0.31908,-0.55155
-0.43379,-0.54366
-0.58434,-2.2818
-1.5635,-2.2818
2.0989,-1.2168
1.9685,-1.1671
-2.5589,-2.7773
1.9685,-0.0010402
2.2443,-0.0010402
2.3045,0.0082852
2.4162,-0.35098
2.2589,-0.055778
1.1852,0.030241
0.80789,-0.48423
-0.21325,-0.54055
0.14616,-0.51166
-0.54055,-0.6201
-0.59036,-0.63259
-0.32072,-0.59135
-0.25554,-0.58766
-0.32072,-0.71076
-0.60641,-0.76053
-0.37724,-0.71076
-0.60806,-0.71076
-0.71731,-0.84253
-0.45112,-0.54696
-0.45112,-1.1009
-0.26467,-0.80411
0.20614,-0.60682
-0.31591,-0.41067
-0.015126,-0.31591
-0.03178,-0.35621
0.0044837,-0.12342
-0.063723,-0.12494
-0.14007,-0.21276
-0.13898,-0.2506
-0.091194,-0.14785
0.0027147,-0.14785
-0.054568,-0.079956
0.010193,-0.14953
0.047714,-0.090222
0.016334,-0.055939
0.060705,-0.068458
0.15941,0.047714
0.15941,0.085651
0.18071,0.0793
0.17485,0.15179
0.18071,0.10564
0.10564,0.00533
0.11534,-0.07091
0.078194,0.026454
0.078194,-0.048287
0.037122,8.7245e-05
0.037122,-0.045839
0.17574,-0.0034959
0.10926,0.013639
0.013639,0.0037867
0.010519,-0.28786
-0.22998,-0.28327
-0.22998,-0.45742
-0.30395,-0.42711
-0.28786,-0.74825
-0.42711,-0.68138
-0.54971,-1.9949
-0.5405,-0.74203
-0.74825,-2.4836
-2.4836,-2.7959
-1.2867,-2.7833
-0.65967,-0.75878
-1.0875,-2.4836
-1.1314,-1.9672
-1.4073,-1.9672
-1.4073,-1.7598
-0.7894,-1.367
-0.56271,-0.83337
-1.4073,-1.4908
-0.39788,-0.81653
-0.55094,-0.68569
-0.58237,-1.4908
-0.43379,-0.54669
-0.32136,-2.8075
-0.1949,-1.5635
2.1353,-1.1389
2.3232,0.06866
-1.2168,-2.5589
-0.22698,-2.5589
2.2443,0.089707
-0.14083,-2.5589
0.6139,-0.27013
0.12194,-0.27013
0.10761,-0.25557
1.8724,-0.28077
0.0082852,-0.29365
-0.35098,-0.54055
-0.13778,-0.4857
-0.29365,-0.51166
-0.29777,-0.6395
-0.59036,-0.7595
-0.58131,-0.7695
-0.6201,-0.93223
-0.60641,-0.93223
-0.58131,-1.1227
-0.45112,-0.54889
-0.15236,-0.64542
-0.26467,-0.76395
-0.18193,-0.75131
-0.15236,-1.5242
0.26133,-0.23436
-0.41067,-1.4958
-0.24019,-1.0705
0.32765,-0.13601
0.27623,-0.059311
-0.015126,-0.14905
-0.063723,-0.11583
-0.11583,-0.12494
-0.12342,-0.22643
-0.12494,-0.22643
-0.080758,-0.19469
-0.085244,-0.12022
-0.080758,-0.12022
-0.068458,-0.080758
0.023833,-0.090222
-0.054985,-0.14481
0.15941,-0.028436
0.15941,0.023833
0.075437,-0.024623
0.17485,-0.044931
0.10318,-0.024623
0.18071,0.00533
0.10318,0.018319
0.018319,-0.018233
0.0046874,-0.048287
0.03241,0.00025365
0.17574,0.031851
0.078194,-0.045839
0.10125,-0.0034959
0.0037867,-0.011863
-0.034513,-0.14598
0.0037867,-0.2112
-0.034513,-0.2723
-0.30395,-0.3563
-0.31908,-0.42711
-0.38117,-0.66241
-0.58031,-0.80106
-0.42711,-2.7295
-0.74203,-2.7295
-0.5405,-0.8398
-0.508,-2.2174
-0.77323,-0.8353
-0.55146,-2.4836
-0.67384,-1.2867
-0.67384,-1.9058
-0.75878,-1.367
-0.81653,-1.0192
-0.83337,-2.3723
-0.83337,-1.18
-0.7894,-1.0045
-0.76319,-1.0045
-0.39788,-0.95619
-0.55155,-1.2202
-0.32136,-2.9042
-0.1949,-0.43379
3.0193,-2.5016
3.0278,-1.1389
3.0278,-1.1634
2.3232,-0.1864
-1.1882,-1.7574
0.071673,-0.22698
0.04746,-2.5589
-0.074157,-1.7574
-0.0010402,-0.27013
0.0082852,-0.074157
-0.055778,-0.074157
0.037654,-0.70577
-0.25557,-0.65426
-0.35098,-0.63289
-0.59459,-0.63289
-0.59459,-0.92888
-0.056336,-0.6201
-0.059853,-0.63259
-0.59135,-0.7535
-0.58766,-0.88942
-0.60081,-0.62178
-0.54889,-1.1185
-0.45112,-0.75556
-0.76395,-1.0343
-0.26467,-1.0343
0.12832,-0.84253
0.37332,0.31274
0.31274,0.20614
0.23259,-1.0705
0.1668,-0.03178
0.048844,-0.015126
0.048844,-0.14905
0.030545,-0.19212
0.030545,-0.22643
-0.14785,-0.16527
-0.14007,-0.15109
-0.079956,-0.23956
-0.090222,-0.20314
-0.079956,-0.12427
-0.079956,-0.094382
-0.055939,-0.15279
0.023833,-0.060094
-0.01033,-0.10837
0.023833,-0.076901
0.18071,-0.10837
0.17876,-0.14427
0.17485,-0.05756
0.19851,0.019213
0.051884,-0.0062621
0.039142,0.0046874
0.012106,-0.021194
0.0046874,8.7245e-05
0.035355,0.012106
0.11149,-0.039087
0.10125,-0.11365
0.010519,-0.13925
-0.0034959,-0.20276
0.012174,-0.20514
-0.20721,-0.2723
-0.060443,-0.61475
-0.31908,-0.61475
-0.39433,-0.87286
-0.58198,-0.87286
-0.74825,-1.0622
-0.58198,-0.70664
-0.8398,-2.7295
-1.3182,-2.4836
-0.55146,-0.8353
-0.67917,-0.75878
-1.7249,-2.3346
-0.508,-1.7674
-1.367,-1.7249
-0.97086,-1.4073
-0.56271,-0.97086
-0.56271,-2.3723
-0.81653,-0.95619
-0.68569,-1.7921
-0.54669,-2.9301
-0.68569,-2.1997
-0.58237,-2.9042
-0.08628,-0.43379
-0.58817,-1.2168
-0.1864,-1.2168
-0.1864,-0.22698
0.045611,-1.1634
0.045611,0.039961
0.039961,-0.24586
-0.0010402,-0.41666
1.7556,0.0082852
-0.27013,-0.70577
0.8643,-0.27013
-0.38635,-0.60747
-0.29365,-0.68916
-0.056336,-0.59459
-0.059853,-0.65426
-0.076984,-0.63289
-0.62178,-0.6395
2.6001,-0.92888
0.18548,-0.754
2.6001,-0.93223
-0.069692,-1.1227
0.38031,-0.93223
0.15245,-0.71076
0.38031,-0.15236
0.21788,-0.69254
0.4512,-0.036462
0.24915,0.21788
0.31278,0.18543
0.22638,-0.41067
0.24915,0.23259
0.18543,0.048844
-0.12111,-0.14905
-0.12111,-0.14007
-0.11583,-0.12118
-0.14689,-0.19212
-0.19212,-0.19794
-0.17822,-0.19212
-0.17822,-0.22643
-0.12427,-0.23956
-0.11817,-0.14953
-0.12022,-0.14237
-0.10771,-0.15279
-0.12506,-0.15279
-0.094626,-0.15279
-0.038328,-0.094382
-0.044931,-0.16902
0.057303,-0.10837
0.049451,-0.14427
0.00533,-0.15126
0.049451,-0.084078
0.0046874,-0.062175
0.019797,-0.084078
0.019797,-0.0005281
0.020464,-0.045839
0.0413,-0.15236
-0.045839,-0.14661
-0.15879,-0.16568
-0.14661,-0.41479
-0.20514,-0.41479
-0.2723,-0.99224
-0.63309,-0.80106
-0.80106,-0.99224
-0.80106,-1.083
-1.1569,-1.9949
-1.448,-2.7295
-0.8353,-1.0548
-0.56454,-0.8398
-0.52314,-0.97086
-1.3405,-1.7674
-0.67384,-2.3194
-0.75878,-2.3842
-1.3091,-2.3239
-1.9368,-2.3171
-1.2202,-2.5063
-1.18,-1.3529
-1.18,-2.9042
-0.1949,-2.9301
-0.32326,-1.3253
-0.33664,-0.43379
2.2543,-0.1949
-0.54587,-1.1389
-0.046359,-1.1389
0.04746,-0.58817
0.089707,-0.24854
0.06866,-0.12322
0.071673,-0.021864
0.04746,-0.6607
0.75701,-0.24586
-0.41666,-0.70577
0.823,-0.35098
0.014954,-0.6607
-0.67093,-0.68916
0.3249,-0.59459
0.8643,-0.076984
-0.010059,-0.93135
0.28239,-0.92888
0.2856,-0.7595
0.24771,-0.7595
-0.20165,-0.75556
0.18678,-0.93223
-0.14026,-1.0343
-0.036462,-0.079629
0.38031,-0.036462
0.12622,-0.69254
0.31278,-0.052376
0.4512,0.19707
0.24915,0.23256
0.22638,0.18543
0.23259,0.23256
0.1668,-0.072093
0.048844,-0.12111
0.23259,-0.096738
-0.042615,-0.12838
-0.065568,-0.19813
-0.1354,-0.23956
-0.19813,-0.20314
-0.17822,-0.19794
-0.10493,-0.20314
-0.09972,-0.15109
-0.10771,-0.11375
-0.094382,-0.09972
-0.094382,-0.15279
-0.094382,-0.16585
-0.094382,-0.15126
-0.076901,-0.16265
0.051884,-0.16265
-0.038328,-0.092798
-0.038328,-0.093572
0.00025365,-0.1042
0.00025365,-0.081489
-0.0005281,-0.084078
0.020464,-0.080253
0.0413,-0.016942
0.0413,-0.13459
-0.039087,-0.13925
-0.039087,-0.18195
-0.13925,-0.18195
-0.19294,-0.20721
-0.20276,-0.40009
-0.2112,-0.66606
-0.45436,-0.66606
-0.66606,-0.93262
-0.87267,-1.23
-0.93599,-1.2512
-1.0548,-1.0622
-1.083,-1.3405
-0.52314,-1.3942
-0.52314,-2.1327
-0.56454,-2.1327
-1.4949,-2.5063
-1.7249,-2.3842
-2.3723,-2.4347
-2.3842,-2.9301
-1.18,-3.1071
-1.18,-2.7571
-2.9042,-3.1071
-0.1949,-2.7397
-0.08628,-0.33664
2.6869,-3.0613
-0.16591,-1.1882
-0.16591,-0.31632
-0.13192,-0.47259
0.039961,-0.10133
-0.020954,-0.12322
0.19851,-0.020954
-0.11258,-0.6607
0.32828,-0.074157
0.5879,-0.6607
0.64292,-0.6607
0.37312,-0.70577
0.23981,-0.60747
1.8784,-0.010059
0.29387,0.014954
-0.010059,-0.047338
0.29387,0.18548
0.27676,-0.076984
0.17099,-0.7535
0.24771,-0.069692
0.24771,0.22402
0.00092823,-1.1185
0.22402,0.019776
-0.036462,-0.060261
0.19764,0.173
0.23256,0.15245
0.22035,0.19764
0.24067,0.22638
0.24067,-0.12111
0.52049,0.21401
0.52049,-0.057799
0.21401,-0.15017
-0.065568,-0.29785
-0.072093,-0.19813
-0.1354,-0.14689
-0.096738,-0.20539
-0.1354,-0.17822
-0.059851,-0.12702
-0.10493,-0.20539
-0.12022,-0.17132
-0.11375,-0.11817
-0.094382,-0.17999
-0.14414,-0.17099
-0.1258,-0.16265
-0.16746,-0.17099
-0.14427,-0.19205
-0.14427,-0.15985
-0.038328,-0.17024
-0.062175,-0.15974
-0.084078,-0.18324
-0.062175,-0.14001
-0.080253,-0.14001
0.020464,-0.14001
-0.039087,-0.12206
0.035355,-0.20418
-0.13925,-0.17718
-0.040856,-0.16744
-0.18195,-0.28224
-0.13925,-0.68967
-0.19294,-0.34554
-0.18195,-1.4028
-0.20514,-1.0705
-0.99224,-1.0034
-0.63309,-1.2512
-0.92478,-1.1569
-1.083,-1.2512
-1.0622,-2.8839
-1.0548,-2.2284
-1.0548,-2.8839
-1.0548,-2.8887
-1.7249,-2.7523
-2.2284,-2.8887
-1.8674,-2.29
-2.5063,-2.8008
-2.3842,-2.7024
-2.29,-3.0101
-2.3842,-2.6272
-2.2003,-2.3171
-2.7397,-2.9301
-0.33664,-3.0101
2.5154,-2.2003
2.2543,-2.7571
2.9283,-0.32326
2.9283,2.2543
0.020638,-0.64609
-0.16591,-0.24854
0.020638,-0.046359
-0.20532,-0.24854
0.88201,-0.10133
0.15801,-0.22109
0.32828,0.15801
0.5879,-0.021864
0.096106,-0.41666
0.47019,-0.58037
0.23981,-0.67021
0.47019,0.18538
0.23981,-0.010059
0.18538,0.15724
0.18193,-0.010059
0.18193,-0.047338
2.5425,0.18193
0.18193,-0.14026
0.14257,-0.069692
0.20986,-0.069692
0.18678,-0.060261
0.027446,0.019776
0.30739,0.15603
0.12622,-0.005244
0.19707,0.15389
0.35918,0.12622
0.22035,-0.05346
0.35918,0.25601
0.44467,-0.37443
-0.12111,-0.31402
-0.057799,-0.28499
-0.096738,-0.29785
-0.1354,-0.2578
-0.042615,-0.27951
-0.14262,-0.15236
-0.1354,-0.13565
-0.10493,-0.12101
-0.17132,-0.20539
-0.11375,-0.13565
-0.09972,-0.17999
-0.09972,-0.1818
-0.1818,-0.19483
-0.19205,-0.19296
-0.16471,-0.19483
-0.15126,-0.1826
-0.14427,-0.17083
-0.15126,-0.17024
-0.092798,-0.17024
-0.092798,-0.15766
-0.071053,-0.12939
-0.084078,-0.27315
-0.0005281,-0.27315
-0.02846,-0.20418
-0.13612,-0.21951
-0.12584,-0.57345
-0.12584,-2.8372
-0.13925,-3.0145
-0.28224,-0.68967
-0.19294,-0.68967
-0.19294,-1.4028
-0.33054,-0.92478
-0.92478,-1.0552
-1.0561,-2.1318
-0.86057,-1.0561
-1.083,-2.8541
-1.194,-1.3606
-1.3405,-2.8541
-1.3942,-2.4347
-1.1796,-2.8899
-1.3942,-2.8899
-1.3942,-2.8879
-2.7024,-2.976
3.0193,-2.3239
-2.29,-2.7081
-2.3171,-2.6391
3.1127,-2.3842
-2.2003,-2.9224
-2.563,-3.0768
-2.2003,-2.9524
2.8585,-3.0768
2.9333,-2.7571
2.5154,2.3264
-0.16278,-0.25179
-0.22277,-0.64609
-0.14321,-0.16278
-0.12626,-0.13192
-0.11258,-0.14321
-0.021864,-0.14321
-0.036708,-0.27531
1.7556,0.022424
0.75701,0.093887
0.5879,0.035193
0.823,-0.010128
0.37312,-0.010128
0.3249,-0.010128
0.29387,0.0084599
0.3249,0.13887
0.27676,0.0094696
0.29387,0.14257
0.17099,0.1582
0.18678,0.098501
0.1997,-0.14026
0.22638,0.18678
0.1485,0.027446
0.15603,-0.099271
0.24328,-0.005244
0.22155,0.1485
0.22155,0.15878
0.22155,-0.17955
0.22638,-0.2969
-0.17955,-0.3681
-0.2578,-0.32082
-0.096738,-0.29494
-0.14262,-0.3681
-0.059851,-0.23582
-0.059851,-0.14262
-0.14262,-0.17577
-0.15228,-0.17494
-0.17132,-0.24184
-0.11375,-0.15228
-0.16804,-0.1818
-0.15279,-0.17374
-0.14414,-0.2005
-0.19296,-0.20009
-0.19205,-0.20009
-0.15126,-0.17433
-0.15974,-0.16897
-0.15126,-0.19426
-0.18324,-0.22842
-0.15974,-0.26772
-0.15766,-0.26772
-0.14843,-0.15766
-0.15266,-0.1929
-0.02846,-0.60227
-0.21951,-0.57345
-0.19294,-0.56441
-0.1929,-0.33054
-0.25665,-2.9953
-0.19294,-1.3989
-0.2112,-1.8763
-0.33054,-1.4827
2.854,-0.68967
-1.0561,-2.1318
2.2598,-1.2512
-0.87267,-2.3961
-0.87267,-2.6391
-2.4347,-2.7214
-1.2879,-2.6603
-2.7214,-2.8899
-1.8674,-2.9279
-1.3942,-2.6872
-2.7024,-2.9357
-2.6043,-2.8122
-2.7024,-2.8236
-2.563,-2.7081
-2.7397,-2.8236
-2.563,-2.8815
-2.2003,-2.9703
-2.9524,-2.9703
2.8037,-0.33664
3.1123,2.9283
0.020638,-0.42058
-0.12626,-0.47414
0.020638,-0.22277
-0.20532,-0.24212
-0.02261,-0.11258
-0.093379,-0.20532
-0.036708,-0.079485
0.32828,-0.093379
0.58509,-0.066288
0.47019,0.022424
0.23981,0.093887
0.37312,-0.14586
0.23981,0.0062822
0.15724,-0.028714
0.15035,0.068313
0.15724,0.057246
0.1329,0.068313
0.1582,0.14621
0.1997,0.1329
0.082667,-0.099271
0.4856,0.18678
0.19563,-0.005244
0.24328,0.19563
0.25597,0.15603
0.31663,0.25597
0.24328,-0.042548
0.56317,0.3316
0.1417,-0.32082
-0.05346,-0.28499
0.56317,-0.29494
-0.28276,-0.37443
-0.23582,-0.28499
-0.16518,-0.23356
-0.15768,-0.16891
-0.16518,-0.20647
-0.11271,-0.16518
-0.11271,-0.27951
-0.11813,-0.2005
-0.11375,-0.20435
-0.1633,-0.17132
-0.17999,-0.20758
-0.19741,-0.25846
-0.1598,-0.19741
-0.17083,-0.23506
-0.17083,-0.20009
-0.16746,-0.21486
-0.16711,-0.17024
-0.12939,-0.1818
-0.22842,-0.26362
-0.15266,-0.1925
-0.14843,-0.24972
-0.26772,-0.44468
-0.15266,-0.26602
-0.27315,-0.68342
-0.2242,-0.3769
3.0617,-0.1929
2.5627,-0.2242
-0.25665,-2.563
3.017,-0.19294
-1.473,-2.9953
-1.0034,-2.7682
-1.4827,-1.8763
-1.4827,-2.8627
-1.0705,-1.7993
-1.2512,-1.7993
-2.4422,-2.8541
-2.4105,-2.7214
-2.7214,-2.8478
-2.7214,-2.9154
-2.8899,-2.9154
-2.8009,-2.9279
3.0193,-2.599
-2.6391,-2.8122
-2.7569,-2.8009
3.1033,-2.6391
-2.563,-2.7569
-2.8236,-2.8819
-2.8008,-2.8815
2.9091,-2.2003
3.1123,-2.8819
2.5127,-3.058
2.9283,-2.9119
-0.17215,-0.60081
0.020638,-0.35651
-0.19222,-0.25179
-0.14321,-0.29547
-0.093379,-0.24212
-0.093379,-0.19222
0.0224,-0.081638
-0.081638,-0.11421
0.093887,-0.066288
0.022779,-0.066288
0.0084599,-0.18351
0.028943,-0.010128
0.10229,-0.05219
0.18193,0.0084599
0.07587,0.057246
0.1329,-0.032976
0.15251,0.13887
0.1997,0.082667
0.2243,0.082667
0.4856,0.19838
0.27393,0.1485
0.67085,0.15603
0.56601,0.15878
0.24328,-0.015474
0.1205,-0.05346
0.3316,-0.18227
-0.05346,-1.0259
0.56317,-1.0343
-0.18227,-0.29494
-0.18227,-0.24593
-0.27126,-0.29785
-0.26034,-0.26195
-0.12101,-0.27126
-0.11271,-0.17441
-0.11271,-0.20647
-0.15228,-0.20435
-0.11271,-0.17374
-0.11271,-0.20758
-0.15236,-0.17999
-0.1598,-0.20418
-0.062032,-0.20418
-0.062032,-0.2005
-0.1598,-0.1925
-0.16897,-0.21486
-0.16897,-0.21171
-0.1925,-0.21171
-0.20355,-0.26362
-0.20806,-0.39404
-0.1395,-0.14843
-0.39404,-0.44468
-0.1605,-2.4168
-0.25317,-0.60227
2.2443,-0.56441
-2.8372,-2.9694
-2.9694,-2.9953
3.0617,2.3983
-1.3989,-2.6459
2.5627,-2.1318
-2.2538,-2.787
-1.0552,-1.5763
-1.4827,-1.5763
-2.1318,-2.4105
-1.0834,-2.4347
-2.3961,-2.6587
-2.4105,-2.8478
2.369,-2.8179
-2.7453,-3.0281
-2.8179,-2.9279
-2.6872,-2.9154
-2.7303,-2.9279
2.2598,-2.8879
-2.785,-2.8236
2.2598,-2.8179
-2.7569,-2.8008
-2.6593,-2.8179
-2.6827,-2.8819
-2.1552,-2.8373
-2.5913,-2.8819
2.3264,-2.1552
2.6869,-2.5913
-0.34313,-0.60081
-0.24212,-0.41995
-0.14321,-0.63876
-0.13059,-0.22277
0.061592,-0.22277
-0.081638,-0.16845
0.023833,-0.093379
-0.021385,-0.066288
-0.066288,-0.17794
0.096106,-0.19601
0.022779,-0.17794
0.035193,-0.046527
0.0033891,-0.028714
-0.028714,-0.032974
0.10229,0.038656
0.082667,-0.032976
0.14621,-0.032974
0.27393,-0.03603
0.20986,0.0084052
0.4856,0.15251
0.67085,0.2243
2.5829,0.1485
0.20199,-0.015474
0.64504,-0.87102
0.3316,-1.0877
-0.18444,-0.79421
-0.042548,-1.0343
-0.18295,-0.18444
-0.28276,-1.0445
-0.27508,-1.0259
-0.27126,-0.29494
-0.25846,-0.26033
-0.21271,-0.24593
-0.15269,-0.21436
-0.1526,-0.20647
-0.20435,-0.22722
-0.21481,-0.23582
-0.14905,-0.25252
-0.23582,-0.25846
-0.1633,-0.27317
-0.18641,-0.27317
-0.12993,-0.20009
0.011446,-0.18641
-0.1598,-0.21486
-0.085666,-0.20355
-0.196,-0.22842
-0.12156,-0.22842
-0.21486,-0.39404
-0.26362,-0.69528
-0.1925,-2.4168
3.0275,-0.27315
-0.40782,-2.5261
-0.26602,-2.4168
-0.60227,-2.8899
-2.6743,-2.8372
2.2443,-2.6459
2.3983,-2.8984
2.9705,-2.9953
3.017,-2.8718
-1.5528,-2.563
-1.5763,-1.8763
-2.4799,-2.9968
2.2598,-2.3772
-1.7193,-2.8106
-2.3263,-2.4105
2.263,-2.6587
-2.8478,-3.0311
-2.7632,-2.8179
-2.9154,-2.9269
2.6495,-2.9279
-2.6872,-2.9655
2.2598,-2.6872
2.6495,-2.599
-2.6899,-2.7628
-2.7484,-2.7569
-2.6322,-2.7628
-2.4452,-2.8008
-2.1552,-2.6322
-2.9703,-3.1169
-2.3517,-2.9119
-0.34313,-0.94334
-0.29547,-0.63876
-0.26862,-0.34313
-0.22277,-0.29257
0.058623,-0.26862
0.023833,-0.0097464
0.061592,-0.021385
0.023833,-0.061612
0.022424,-0.14753
-0.11549,-0.18351
0.093887,-0.075827
-0.064718,-0.23901
0.028943,-0.11978
0.0062822,-0.042139
-0.03603,-0.046527
0.07587,0.033339
0.031987,0.0033891
0.082667,0.0092815
0.17995,-0.037657
0.83292,0.031987
2.6781,0.2243
0.37945,-0.015474
0.64504,-0.22272
-0.015474,-1.0877
-0.31315,-0.87102
-0.18227,-0.29091
-0.22156,-1.0877
-0.12072,-0.23426
-0.26061,-1.0259
-0.23356,-0.26061
-0.21271,-0.22156
-0.26033,-0.26061
-0.16891,-0.20362
-0.21436,-0.22722
-0.22722,-0.28529
-0.21436,-0.26772
-0.25846,-0.27326
-0.21063,-0.25846
-0.18835,-0.21054
-0.085666,-0.21054
-0.18835,-0.20072
-0.1598,-0.21267
-0.0837,-0.10936
-0.21267,-0.21486
-0.084394,-0.12156
0.014101,-0.1395
-0.07504,-0.1395
-0.21171,-2.9632
0.15273,-0.25317
3.0275,-0.40782
-0.33361,-2.8237
-2.4168,-2.8984
-0.60227,-2.689
-2.6459,-2.7557
2.9705,2.2751
2.9705,-2.563
3.017,-2.6617
-2.1318,-2.6617
-1.0834,-2.8718
-1.7193,-2.6905
-1.5528,-2.3772
-1.7993,-2.3772
-2.5353,-2.6603
-2.4105,-2.5937
-2.3263,-2.9269
-2.8002,-2.9279
-2.9655,-3.0311
-2.6675,-2.9279
-2.6757,-2.6899
2.3855,-2.9224
-2.8178,-2.9655
-2.7569,-2.8482
-2.6501,-2.6827
-2.5542,-2.6827
3.0796,-2.6827
-2.8679,-3.0311
3.0796,-2.5913
2.9091,-2.6648
2.5127,-2.6648
-0.39567,-0.62048
-0.35322,-0.41995
-0.29547,-0.63289
-0.13368,-0.7813
0.058623,-0.7813
0.058623,-0.77434
-0.061612,-0.15515
-0.14689,-0.19601
-0.03603,-0.10838
-0.061612,-0.094906
-0.040397,-0.23901
0.0084599,-0.075827
0.0084599,-0.042139
0.008317,-0.0047916
-0.0047916,-0.03603
0.0092815,-0.032976
0.060891,-0.027837
0.12123,0.0029094
2.6781,-0.037657
0.67085,0.37412
0.56601,-1.5369
2.0518,-0.015474
0.1205,-0.051315
-0.20015,-0.22698
-0.27569,-0.79421
-0.3563,-1.0877
-0.26827,-1.0445
-0.24734,-1.0259
-0.22156,-0.22171
-0.22171,-0.27126
-0.14664,-0.18546
-0.1526,-0.26061
-0.26033,-0.27372
-0.18883,-0.20362
-0.1526,-0.2573
-0.21063,-0.27326
-0.23793,-0.27326
-0.17653,-0.27317
-0.14239,-0.15236
-0.11558,-0.25846
-0.11558,-0.1598
0.50913,-0.085666
0.014101,-0.089384
0.011446,-0.31409
0.02587,0.011446
-0.196,-0.69528
0.15273,-0.07504
-0.28758,-2.914
-0.39404,-2.3117
-0.21864,-3.0059
-0.21864,-2.5114
-2.5114,-2.8899
2.3064,-2.617
2.3064,-2.689
2.3064,-2.6072
2.9705,-2.6324
-2.6603,-2.6979
-2.6,-2.6905
-1.5528,-2.2832
-2.4199,-2.4799
-1.5763,-2.5353
-1.0834,-2.6102
-1.7193,-2.5045
2.263,-2.7712
-2.6145,-2.6757
-2.8002,-3.0281
-2.7301,-2.9006
-2.8158,-2.9655
2.3855,-2.6757
-2.6501,-2.6675
2.6495,-2.8482
-2.4928,-2.6899
2.8495,-2.6593
-2.3517,-2.3927
-1.4225,-2.6322
-2.4452,-2.9291
-2.4452,-2.5708
-2.7776,-3.0237
-0.26862,-1.9226
-0.29257,-0.39567
-0.0097464,-0.61219
-0.14689,-0.7813
-0.11755,-0.78147
-0.14689,-0.4244
-0.11549,-0.61931
-0.11109,-0.22733
-0.12667,-0.16527
-0.036096,-0.12667
-0.040397,-0.11978
0.04214,-0.040397
0.04214,0.0071429
0.041544,0.019436
0.034486,0.0092815
0.060891,0.0029094
2.0518,0.033339
0.36022,0.12123
0.0084052,-1.1416
2.5829,-1.5369
-0.22698,-1.5369
-0.22698,-1.1416
-0.22272,-0.57706
-0.082685,-1.0877
-0.052276,-0.31315
-0.052276,-0.12072
-0.26827,-0.31315
-0.10479,-0.22156
-0.2717,-0.3563
-0.24734,-0.26061
-0.2374,-0.28276
-0.14345,-0.28276
-0.21436,-0.28276
-0.18883,-0.23397
-0.1598,-0.18883
-0.20721,-0.21436
-0.20162,-0.23793
-0.1669,-0.28381
-0.1327,-0.27317
-0.11558,-0.23793
-0.11988,-0.20495
-0.15669,-0.196
-0.089384,-0.098172
2.8605,-0.21267
1.4799,-0.12156
-0.196,-2.914
-0.12156,-2.914
-0.20947,-3.0782
0.15273,-3.0059
-2.8237,-3.0016
3.0275,-2.6038
3.1122,-2.7815
-2.6743,-2.7815
-2.3129,-2.7557
-2.2682,-2.6324
-2.1001,-2.7557
-2.2904,-2.8718
-2.1001,-2.5916
-2.1001,-2.1403
-2.3517,-2.5052
-2.2832,-2.3772
-2.1403,-2.6589
-2.4298,-2.5045
-2.637,-2.7459
-2.7459,-2.7712
-2.7459,-2.8221
-2.7301,-2.7459
-2.7632,-2.7712
-2.7174,-2.8002
-2.6675,-2.6953
2.3855,-2.6953
-2.5401,-2.9225
2.8495,-2.6947
-2.6598,-2.6947
2.8495,-2.6598
-1.7715,-2.5542
-2.0518,-2.5542
-1.9304,-2.6603
-2.178,-2.6603
-2.4896,-3.0237
-0.58226,-1.9226
-0.39767,-0.59567
-0.29257,-0.48622
-0.15515,-0.61219
-0.61931,-0.63289
-0.067593,-0.76435
-0.11755,-1.0415
-0.14753,-0.5706
-0.22733,-0.35492
-0.19601,-0.26995
0.0084162,-0.22733
-0.036096,-0.049236
-0.064718,-0.091634
-0.0047916,-0.079557
0.041544,-0.079557
0.069663,0.026918
0.059499,0.0092815
0.36022,0.05465
0.37412,0.11984
2.0518,0.06881
2.6781,0.1269
2.5772,-1.3722
2.5829,-0.66447
-0.052276,-1.206
-0.042117,-0.086424
-0.082685,-0.29091
2.2091,-0.31315
-0.0022944,-0.3563
0.013725,-0.24734
-0.18255,-0.29138
-0.18546,-0.2808
-0.26061,-0.2808
-0.26061,-0.29365
-0.23604,-0.27007
-0.23604,-0.28276
-0.16463,-0.29777
-0.27326,-0.36091
-0.28529,-0.39248
-0.21063,-0.4267
-0.20495,-0.25339
-0.085666,-0.1669
-0.08624,-0.1327
2.3824,-0.20647
1.1804,-0.11558
0.90112,-0.098172
2.8605,1.1804
1.3496,-0.27038
-0.15983,-3.1264
0.15273,-2.9664
-1.9552,-2.9821
-1.9552,-2.914
-2.1777,-3.0016
-2.2832,-2.7364
-2.1777,-2.617
-2.5809,-2.617
-2.4493,-2.689
-2.3363,-2.5874
2.9705,-2.4557
-2.2682,-2.2832
-2.2848,-2.6
-2.2383,-2.4298
-2.5436,-2.6
-2.4298,-2.5369
-2.4823,-2.6145
-2.4828,-2.5353
-2.4828,-2.5045
-2.4828,-2.8002
-2.5436,-2.7632
-2.5047,-2.7632
-2.6576,-2.8002
-2.6576,-2.6934
-2.6576,-2.7174
-2.6576,-2.8482
2.8495,-2.5499
-2.3112,-2.89
-2.3894,-2.5542
-1.9304,-2.89
-2.1162,-2.4447
-1.4225,-2.4447
-2.178,-2.5708
-0.59567,-1.9226
-0.76561,-2.4787
-0.29257,-0.4925
-0.15515,-1.0756
-0.77434,-1.3745
-0.78147,-1.0415
-0.62123,-0.77434
-0.14753,-1.0814
-0.22179,-0.36146
0.0084162,-0.35492
-0.077665,-0.094906
0.0041628,-0.063723
0.0071429,-0.091634
-0.040397,-0.15217
0.059499,0.0041628
0.060891,-0.14629
3.1106,0.034486
0.060891,-3.0027
0.36022,-3.0027
0.033734,-1.2434
2.0518,-0.94802
-0.66447,-1.5369
-0.25842,-1.206
-0.052276,-1.1013
2.2091,-0.57706
-0.096722,-0.57706
-0.039498,-0.042117
0.076414,-0.096722
-0.017533,-0.3563
-0.18255,-0.22949
-0.22171,-0.25967
-0.26061,-0.28271
-0.24734,-0.28426
-0.18135,-0.30841
-0.28276,-0.287
-0.20162,-0.28426
-0.23604,-0.39248
-0.20721,-0.287
-0.1327,-0.1598
-0.1327,-0.25339
0.010579,-0.20495
2.3824,-0.25374
0.90112,0.165
1.7072,-0.089384
1.1804,-3.1264
2.2498,-0.098172
-0.31409,-2.9279
-0.27038,-2.6648
-1.9552,-3.1337
-1.9552,-2.7617
-2.1338,-2.5156
-1.9552,-2.4467
-2.3361,-2.5114
-2.3129,-2.4467
-2.4557,-2.7815
-2.0674,-2.3363
-2.1904,-2.6072
-2.2383,-2.4114
-2.4809,-2.6072
-2.4937,-2.5866
-2.514,-2.637
-2.4199,-2.4809
-2.2877,-2.5302
-2.4823,-2.7712
-2.5215,-2.6589
-2.5302,-2.6237
-2.5215,-3.0281
-2.4828,-2.8013
-2.7104,-2.8158
-2.5937,-2.8158
-2.4654,-2.6934
-2.5499,-2.6947
-2.3112,-2.5401
-2.3394,-2.5401
-2.1576,-2.5499
-2.3894,-2.3927
-1.7715,-2.3894
2.2803,-1.4225
-1.7715,-2.7013
-1.9304,-2.7013
-2.0518,-2.663
-1.0625,-2.2876
-0.4925,-0.76561
0.26649,-0.7813
-0.76561,-1.7921
-0.62123,-1.3745
-0.36146,-1.0415
-0.063723,-0.4795
-0.036096,-0.077665
-0.092798,-0.14785
0.0084162,-0.094184
-0.092798,-0.16582
2.6846,-0.036462
0.26467,0.059499
0.26467,0.11984
-2.4767,-2.7279
0.11984,-1.1027
0.06881,-0.94802
-1.1013,-1.3868
-0.25842,-1.3868
-0.57887,-0.94294
-0.082685,-0.72471
2.2091,-0.25842
0.013725,-0.1327
-0.042117,-0.085006
-0.02191,-0.19519
-0.017404,-0.2808
-0.039498,-0.28271
-0.22949,-0.29374
-0.27899,-0.28123
-0.2864,-0.32496
-0.28276,-0.43523
-0.28276,-0.52301
-0.23397,-0.33741
-0.287,-0.39248
-0.36091,-0.4267
-0.080214,-0.24519
-0.20721,-0.47763
0.010579,-0.1327
0.44016,0.165
1.4282,0.38475
2.5758,0.38475
3.0567,1.4282
3.0345,1.4799
2.2498,1.3496
1.3496,-2.6648
2.5689,2.2498
-2.6898,-3.0782
-2.3451,-2.9651
-2.4467,-2.7617
-1.9552,-2.3361
-2.1777,-2.2584
-2.3361,-2.4493
-2.2584,-2.4114
-2.2484,-2.2904
-2.1904,-2.2904
-2.1236,-2.2383
-2.4901,-2.514
-2.4823,-2.514
-2.2877,-2.5723
-2.5156,-2.5369
-2.5302,-2.5723
-2.5723,-2.6237
-2.5302,-2.747
-2.2832,-2.7301
-2.6237,-2.7104
-2.6253,-2.7459
-2.4201,-2.6953
-2.6253,-2.6576
-2.396,-2.6953
-2.3611,-2.6953
2.3232,-2.5499
-2.3611,-2.3927
-2.1162,-2.3084
-2.1162,-2.2819
-2.1162,-2.2772
-2.178,-2.3813
-2.1276,-2.4656
-2.7013,-3.0403
-0.59567,-2.5635
0.68901,-2.2876
0.26649,-0.59567
2.5346,-0.61219
-1.3745,-2.9579
-1.8523,-2.6275
-0.62123,-2.9579
-0.44171,-1.0415
0.63696,-0.5706
-0.16022,-0.26995
-0.12654,-0.20044
0.33531,-0.092798
0.062783,-0.077665
-0.16582,-0.22368
2.6846,-0.12654
-0.0021804,-1.5115
-1.5086,-3.0027
0.26467,-1.1027
2.6846,-0.94802
0.1269,-1.7988
-0.41648,-1.3722
-0.16546,-1.1027
0.1611,-0.25842
0.7288,-0.72471
2.2091,-0.054124
0.7288,0.046778
-0.096722,-0.18304
-0.039498,-0.23701
-0.096722,-0.35465
-0.096722,-0.39195
-0.29586,-0.39195
-0.29365,-0.41264
-0.25967,-0.33555
-0.287,-0.39195
-0.32496,-0.52301
-0.39248,-0.43523
-0.36091,-0.54596
-0.1598,-0.4851
-0.1669,-0.56498
0.44016,-0.32999
0.44016,-0.080214
2.7259,-0.21591
0.35234,-3.1208
3.0313,0.38475
3.0632,2.8903
2.9989,2.8903
1.3496,-2.9038
2.9989,-2.9651
3.0567,-2.6445
2.5689,-2.7617
-2.3933,-2.6445
-2.3361,-2.6648
-2.2584,-2.6898
-2.2584,-2.3451
-2.2484,-2.3361
-2.1924,-2.4467
-2.3112,-2.5958
-2.2319,-2.4937
-2.3534,-2.4937
-2.36,-2.514
-2.2455,-2.5156
-2.3418,-2.4901
-2.3733,-2.5215
-2.2832,-2.4823
-2.36,-2.5215
-2.5408,-2.747
-2.3909,-2.6237
-2.4134,-2.5436
-2.4134,-2.5047
-2.3418,-2.6947
-2.4654,-2.6253
-2.1961,-2.6947
-2.3112,-2.3611
-2.3394,-2.3611
2.2569,-2.6422
-2.2228,-2.2772
-2.2819,-2.5207
-2.3105,-2.663
-2.697,-2.7013
-2.1781,-2.8165
-0.082315,-2.7132
-1.2902,-2.1781
2.2401,-1.2902
2.0853,-1.2902
0.26649,-2.9579
-1.6189,-3.0675
-1.0814,-3.0675
-0.20044,-3.0675
-0.20044,-0.3473
-0.029805,-1.1764
0.00052806,-0.20044
0.00052806,-0.077665
-0.063785,-0.1195
2.6846,0.00052806
-0.22853,-1.6084
-1.3582,-1.5086
-0.77953,-3.0027
-1.1027,-1.326
0.1611,-1.3582
0.15801,-1.2434
-0.17799,-1.1027
-0.17799,-0.94294
-0.078629,-0.1327
-0.056582,-0.25842
0.046778,-0.23119
2.2091,-0.16788
-0.096722,-0.16788
0.046778,-0.40077
-0.017533,-0.40077
-0.29586,-0.55512
-0.29365,-0.50781
-0.2864,-0.65038
-0.32496,-0.65038
-0.27899,-0.44639
-0.33741,-0.50975
-0.35965,-0.44639
-0.080214,-0.56498
-0.35965,-0.73744
2.7259,-0.67501
1.7072,0.73705
2.7387,2.5758
3.1403,2.8903
2.5969,-3.1264
2.2498,-3.1264
-2.7907,-2.9279
-2.7617,-2.8693
-2.5156,-2.5866
-2.3361,-2.7617
-2.2106,-2.4467
-2.2584,-2.4277
-2.327,-2.3363
-2.2259,-2.4136
-2.1963,-2.3315
-2.5533,-2.5958
-2.1236,-2.4475
-2.4404,-2.4809
2.2665,-2.4901
-2.4067,-2.5156
-2.2932,-2.5156
-2.2832,-2.3418
-2.3418,-2.4134
-2.2832,-2.747
-2.4067,-2.6501
-2.4134,-2.4201
-2.405,-2.5817
-2.3733,-2.6253
-2.2806,-2.4395
-2.2778,-2.4942
-2.2804,-2.6422
2.3232,-2.1961
-2.3084,-2.6422
-2.1382,-2.3894
2.2803,-2.0873
-2.3667,-2.3813
-2.1276,-2.2994
-2.2772,-2.5542
-2.3315,-2.663
-0.20355,-2.8165
-0.082541,-2.985
2.2366,-2.985
2.8473,2.2625
2.9657,2.2366
2.8473,-2.9579
2.78,-2.6275
-0.5485,-2.9579
-0.37231,-2.6275
-0.37231,-0.44171
-0.16022,-0.33545
-0.077665,-0.30669
0.63696,0.00052806
0.63696,-0.30426
0.062783,-0.14947
0.062783,-0.29674
-0.22853,-0.73549
-0.30426,-1.4523
-0.4014,-1.5086
-1.326,-1.7988
-0.41648,-1.4523
-0.078629,-0.68784
0.1611,0.1395
0.1395,-0.054124
0.10988,-0.1327
-0.054124,-0.056582
-0.23119,-0.25002
-0.16788,-0.18304
-0.017533,-0.18659
-0.22,-0.54854
-0.1315,-0.50781
-0.32397,-0.38219
-0.41264,-0.61931
-0.40077,-0.50975
-0.43523,-0.65038
-0.30841,-0.78188
-0.58434,-0.65038
-0.33741,-0.84403
-0.4851,-0.84201
-0.47763,-1.3452
2.3572,-0.35965
-0.67501,-2.7332
2.7259,-2.7332
1.4282,-3.0605
3.0139,1.7072
2.8722,-3.1264
3.1184,-3.1068
3.0345,-2.8436
2.7626,2.2751
3.1184,-2.8693
3.1184,-2.5608
-2.3734,-2.8656
3.1127,-2.1411
-2.4366,-2.4768
-2.3733,-2.3734
-2.1906,-2.4366
-2.1924,-2.327
-2.1924,-2.3088
-2.2832,-2.639
2.6562,-2.2319
-2.36,-2.5533
2.6562,-2.3733
-2.36,-2.639
-2.3418,-2.639
-2.3062,-2.3418
-2.3475,-2.3733
-2.2932,-2.4067
-2.3545,-2.4134
-2.405,-2.4134
-2.4536,-2.4574
-2.3987,-2.405
-2.3604,-2.396
-2.1674,-2.396
-2.3217,-2.4942
-2.1692,-2.3611
-2.0873,-2.3084
-2.0873,-2.2819
-2.2994,-2.425
-2.3105,-2.3315
-2.3315,-2.4114
-2.3315,-2.697
-2.3288,-2.697
2.2625,-0.1354
2.0853,-0.20815
2.9877,2.0853
2.0853,-0.27779
2.78,-0.4801
0.019303,-1.1764
-0.37231,-0.4801
-0.3473,-0.39836
-0.30669,-0.3473
0.63696,-0.30669
0.33531,-0.30704
0.62834,-0.10862
-0.047724,-0.40009
-0.063785,-0.52954
-0.40009,-0.73549
-0.73273,-1.5115
-0.4014,-0.59883
-0.77323,-1.7988
0.17327,-1.326
0.052244,-0.41648
0.15801,0.10988
-0.028735,-0.17346
0.072817,-0.054124
-0.028735,-0.22724
-0.030558,-0.18304
-0.22724,-0.23045
-0.18659,-0.19224
-0.1315,-0.25457
-0.3076,-0.50781
-0.38219,-0.56211
-0.38219,-0.5238
-0.4713,-0.5238
-0.55512,-0.78071
-0.61931,-0.84201
-0.65038,-1.3452
-0.52301,-2.1989
-0.4851,-0.84403
-0.4925,-1.3669
2.3572,-0.4851
3.0544,-1.6959
2.2932,0.73705
2.8722,2.2932
3.0544,3.0107
-3.033,-3.1208
3.0048,-3.1205
3.0895,-2.9038
3.1184,-2.9038
3.1184,-2.7617
2.7626,-2.6445
-2.0034,-2.7907
-2.0034,-2.6445
-2.1474,-2.4366
-2.0034,-2.3394
-2.1798,-2.1906
2.8525,-2.3394
-2.3088,-2.639
2.8525,-2.3315
-2.1924,-2.353
3.1135,-2.3315
-2.2832,-2.3678
2.9865,-2.2832
-2.2832,-2.8685
2.3232,-2.2832
-2.0792,-2.36
-2.2932,-2.372
-2.27,-2.2832
-2.1136,-2.4134
-2.2186,-2.4134
-2.1945,-2.3418
-2.0657,-2.4536
-2.212,-2.405
-2.1692,-2.3604
-2.156,-2.2444
-2.1436,-2.1961
-2.1382,-2.1692
-2.2104,-2.3667
-2.0918,-2.3084
-2.0873,-2.3385
-2.0918,-2.3173
-2.3173,-2.443
0.051045,-0.082315
1.651,-0.080777
2.8473,-0.1354
2.2366,0.00029865
2.8473,0.019303
2.9877,-0.45331
-0.16302,-1.9682
-0.26536,-0.4801
-0.13569,-0.20225
-0.29817,-0.37231
-0.31131,-0.33545
-0.28021,-0.33545
-0.29817,-0.40009
-0.047724,-0.21153
-0.063785,-0.29867
-0.21153,-0.73549
-0.21153,-0.68784
-0.033419,-1.326
0.12756,-0.4014
0.17327,-0.77323
0.17327,-0.4372
0.10988,-0.065308
0.12664,-0.20305
0.10398,-0.18659
0.16203,0.0026202
0.16203,-0.056582
-0.25002,-0.29631
-0.18659,-0.49802
-0.25457,-0.50781
-0.5238,-0.56211
-0.56211,-0.56639
-0.5238,-0.56639
-0.59954,-0.63014
-0.59954,-0.84201
-0.67071,-0.84403
-0.56498,-1.8369
-1.5734,-2.1552
-0.4925,-2.4761
2.2932,-1.3669
-1.6959,-2.9651
-2.7332,-2.7829
3.0139,2.2932
3.1403,-2.7829
3.0107,-3.08
-2.8436,-3.08
3.0107,-2.9867
3.0895,-2.8693
-2.8656,-2.9279
3.1184,-2.1474
-2.2106,-2.4884
-1.7944,-2.5866
-2.2106,-2.3167
-2.2106,-2.3754
-2.327,-2.3754
-2.3167,-2.639
-2.1906,-2.46
2.8525,-2.9476
-2.353,-2.639
-2.2672,-2.4475
2.2665,-2.353
2.6562,-2.3614
2.3232,-2.3614
2.2665,-2.0724
-2.0657,-2.2832
-2.1136,-2.3475
-2.27,-2.3062
-2.1136,-2.4574
-2.1136,-2.3604
-2.27,-2.2806
-2.0657,-2.3604
-2.1777,-2.2804
-2.059,-2.212
-2.0967,-2.1692
-2.1674,-2.1719
-2.1752,-2.3084
-2.2082,-2.3084
-2.2044,-2.2619
-2.0873,-2.1643
-2.2347,-2.3235
-2.3385,-2.3752
-2.3315,-2.4901
-0.20355,-0.22155
2.9877,0.0078613
2.9877,-0.22155
2.8473,0.0079608
-0.15803,-0.27779
-0.15803,-0.45331
2.9663,-0.19399
-0.052979,-0.5485
-0.35496,-0.45331
-0.26595,-0.27166
-0.27166,-0.35496
-0.29817,-0.30704
-0.21153,-0.29817
-0.25199,-0.29674
-0.36615,-0.73549
-0.29867,-0.77323
-0.48451,-0.52954
0.087182,-0.68784
0.0070695,-0.77323
0.052244,-0.21091
0.072817,-0.40803
0.10071,-0.030558
0.11117,-0.017424
2.7299,-0.15413
0.39113,-0.23045
0.51554,-0.23045
-0.18659,-0.80564
-0.56211,-1.1593
-0.56211,-0.60543
-0.54696,-0.80564
-0.56639,-0.60543
-0.65038,-2.7368
-0.56639,-1.8369
-0.63014,-2.6272
-0.67071,-2.69
-1.3669,-2.4761
-2.4168,-2.4761
2.4652,-1.5734
-2.69,-3.0605
3.0452,-2.7829
2.2932,-3.1206
-3.0605,-3.0736
-2.7829,-2.9751
3.1184,-3.0647
-2.8693,-3.0647
-2.7221,-2.8693
2.7626,-2.5006
2.7048,-2.8693
2.3014,-2.5339
2.2569,-2.1798
-1.8665,-2.1411
2.3014,-3.0528
-1.8991,-2.372
2.8525,-2.2672
3.1135,-2.2754
-2.2015,-2.9476
-2.325,-2.3614
2.6562,-2.2015
-2.2015,-2.7013
-2.0724,-2.3678
-2.038,-2.7013
-2.0792,-2.1136
-2.2992,-2.3062
-2.2992,-2.5289
-2.1557,-2.27
-2.405,-2.7874
-2.0967,-2.2186
-2.1674,-2.46
-2.0674,-2.2159
-2.156,-2.1752
-2.1752,-2.2104
-2.0247,-2.1752
-2.0873,-2.1443
-2.0873,-2.1714
-1.9732,-2.4949
-2.2347,-2.3752
-2.1643,-2.3752
-2.3235,-2.4493
0.0082814,-0.1354
0.02396,-0.0036592
-0.045188,-0.20815
0.0079608,-0.088069
0.015195,0.00029865
-0.018095,-0.27779
-0.14479,-0.19399
-0.024095,-0.26536
-0.26595,-0.35496
-0.16141,-0.29817
-0.16141,-0.30704
-0.20547,-0.28021
-0.30688,-0.32307
-0.25199,-0.36484
-0.23548,-0.36484
-0.18495,-0.21153
-0.13167,-0.19416
0.12756,-0.13167
0.087182,-0.69403
0.014715,-0.1428
-0.40803,-0.4577
0.26137,-0.48451
0.3605,-0.21091
0.060204,-0.34046
0.39113,0.26137
0.15046,0.072817
2.8669,-0.18659
2.7177,-0.25457
-0.25457,-0.93423
-0.25457,-2.5167
-0.49802,-2.8013
-0.78735,-2.0752
-0.67071,-2.8013
-1.0673,-2.6603
-2.1552,-2.6603
-1.7303,-2.8631
-2.3799,-2.6272
3.0452,-2.6272
2.4652,-2.3799
2.2443,-2.9651
-2.9047,-2.9651
-2.8082,-2.9651
-2.8082,-3.08
3.0048,2.3559
2.3559,-3.08
3.1184,2.2932
-2.4884,-2.7716
2.5794,-2.9279
2.5794,-2.019
-2.0034,-2.7964
-1.365,-2.089
-2.3418,-2.8232
-2.089,-2.3754
-1.8991,-2.3418
-2.2672,-2.4008
-2.3357,-2.9476
-2.0818,-2.353
-2.2586,-2.3678
-2.2586,-2.3614
-2.0322,-2.3614
-2.212,-2.236
-2.3614,-2.3614
-2.212,-2.4649
-2.27,-2.313
2.7135,-2.1136
-2.1136,-2.2672
-2.27,-2.7874
-2.1123,-2.1338
-2.059,-2.7874
-2.0657,-2.3684
-2.0674,-2.2798
-2.2104,-2.2653
-2.1443,-2.1674
-2.1443,-2.1695
-2.1161,-2.9406
-2.2619,-2.8545
-2.2347,-2.4901
-2.2631,-2.443
-2.2772,-2.3049
-2.2883,-2.4939
-2.4901,-3.0437
0.051045,-0.069843
0.040009,0.02396
-0.032494,-0.15803
0.015195,-0.0036592
0.0079608,-0.012304
0.05159,0.019303
-0.12584,-0.16302
-0.20942,-0.21258
-0.1195,-0.26536
-0.052979,-0.48691
-0.16141,-0.58661
-0.36155,-0.36484
-0.29439,-0.40942
-0.29867,-0.50217
-0.25199,-0.40942
0.087182,-0.36615
-0.033419,-0.21479
0.26225,-0.033419
-0.033419,-0.3296
-0.065308,-1.5204
0.0070695,-0.3296
0.043056,0.0070695
0.39113,-0.3296
0.72644,-0.20436
3.0613,0.39113
3.1198,0.15046
0.72644,-0.0090657
0.59508,-0.25457
-0.0090657,-0.80564
-1.1593,-2.6342
-0.60543,-2.6342
-0.93423,-2.6603
-0.57115,-2.5074
-1.8369,-2.6226
-2.6272,-2.6603
-2.3773,-2.4761
2.369,-2.3426
2.263,-2.3799
2.2443,2.2443
2.2443,-2.8166
2.2932,-2.8495
2.4652,-2.7299
-2.8495,-3.0736
-3.0215,-3.1206
-2.8318,-3.033
2.3559,-2.8436
-2.7682,-2.8436
-2.5652,-2.9279
-2.5006,-2.7682
2.2569,-2.6603
2.2569,-2.8912
2.3014,-2.8912
2.2569,-2.207
-1.7292,-2.2836
-2.3357,-2.4008
-1.9454,-2.0818
-2.3923,-3.0789
2.3232,-2.2672
-2.0322,-2.2586
-2.2981,-2.3678
-2.2772,-2.3678
-2.2883,-2.3614
-2.236,-2.4649
-2.1924,-2.2581
-2.0724,-2.3858
-2.1123,-2.2581
-2.1635,-2.178
-2.1272,-2.1635
-2.1557,-2.4175
-2.1338,-2.1557
-2.1777,-2.2653
-2.059,-2.2054
-2.1752,-2.2653
-2.17,-2.2557
-2.1695,-2.3894
-2.1443,-2.1714
-2.1942,-2.2347
-2.1714,-2.4901
-2.0535,-2.3129
-2.3547,-2.4949
-2.3752,-2.4802
-0.011084,-0.029565
-0.0036592,-0.011084
-0.032494,-0.045188
-0.018095,-0.032494
0.048385,-0.012304
0.0079608,-0.054072
0.015195,-0.1195
0.1093,-0.19399
-0.052979,-0.2374
-0.054072,-0.48691
-0.2374,-0.48691
-0.20547,-0.88321
-0.48691,-0.88321
-0.36615,-0.78181
-0.19552,-0.62432
-0.26034,-0.29867
-0.18135,-0.18495
0.19892,-0.21089
0.12597,0.087182
0.12664,-1.4997
2.6391,0.12597
2.7299,-1.557
0.39113,-1.0948
0.15046,-1.197
2.7177,-0.18618
2.7177,0.59508
-0.036583,-0.46177
2.2443,-0.80564
-0.050649,-2.9514
-0.80564,-3.0214
-2.3773,-2.6342
-0.96849,-2.9331
-2.6272,-2.8971
-2.8971,-3.1154
2.2478,-2.8631
2.4652,2.4502
2.2932,-2.8572
2.2443,-2.5871
-2.7569,-2.9867
-2.7132,-2.8736
-2.7617,-2.9867
-2.6467,-2.8082
2.9057,-2.7299
2.9057,-2.8413
2.5689,-2.7716
-2.2268,-2.7221
-2.7682,-2.7964
2.5794,-1.6534
2.5794,-1.6955
2.3014,-1.5101
2.8153,-2.8232
-2.3357,-2.6058
2.2443,-1.8665
-1.9454,-3.0789
-2.0818,-3.0789
-2.1099,-3.0789
-2.0322,-2.3813
-2.1099,-2.2772
-2.236,-2.2772
-2.0734,-2.236
-2.1099,-2.236
-2.2586,-2.4649
-2.2678,-2.3614
-2.2106,-2.4649
-2.2672,-2.2678
-2.2608,-2.2672
-2.2672,-2.2836
-2.1205,-2.1557
-2.2159,-2.2925
-2.2437,-2.3475
-2.212,-2.2653
-2.2402,-2.3684
-2.2055,-2.2402
-2.1443,-2.1942
-2.1714,-2.1942
-2.13,-2.3161
-2.3161,-2.8545
-2.2282,-2.4493
-2.3161,-2.89
0.030561,-0.047435
0.075012,-0.047435
0.075012,-0.04365
0.072233,0.040009
0.10387,-0.045188
-0.012304,-0.39047
0.10387,-0.12584
-0.052979,-0.1718
-0.054072,-0.2374
-0.093159,-0.36155
-0.21272,-0.50217
-0.35172,-0.78181
-0.57429,-0.62432
-0.36615,-1.0912
0.16795,-0.57846
-0.21089,-0.88321
-0.21089,-0.23027
0.26225,-0.26034
0.26225,-0.12644
0.19892,-1.7961
0.12597,-1.4997
-0.20436,-1.4997
-0.20436,-1.3778
2.6391,-1.3778
3.0613,-1.0948
3.0613,-0.090757
-0.036583,-0.090757
2.9897,0.15046
2.2443,-0.0090657
2.3865,-0.46177
-0.050649,-2.8465
2.884,-2.6342
-2.0752,-2.8158
-2.5074,-3.0214
3.082,-2.6226
-2.5074,-2.6445
-2.6272,-2.8627
2.2751,-3.0478
2.369,-2.8572
2.2443,-0.62434
-2.6206,-2.9703
-1.1097,-2.9867
-2.6015,-2.6228
-2.5871,-2.8318
-2.6814,-3.0215
-2.4523,-2.6228
-2.251,-2.8413
2.9057,-2.5652
2.5689,-2.1552
-2.0098,-2.7511
-2.2268,-2.8912
-1.451,-2.7964
-1.5101,-1.7292
-1.9238,-2.089
-1.7292,-2.038
-2.038,-2.207
-1.9454,-2.292
-2.1338,-2.5922
-2.2981,-3.0789
-2.2772,-3.0789
-2.0322,-2.23
-2.2496,-2.2883
-2.2496,-2.3882
-2.1908,-2.236
-2.236,-2.591
-2.236,-2.5319
2.7135,-2.483
-2.178,-2.2608
-2.6012,-2.7874
-2.1205,-2.4287
-2.1205,-2.2925
-2.2798,-2.2925
-2.2798,-2.42
-2.2653,-2.335
-2.2798,-2.4275
-2.1443,-2.2883
-2.1942,-2.3894
-2.2631,-2.3137
-2.2402,-2.3161
-2.1942,-2.4802
-2.3049,-2.3194
-2.3161,-2.89
0.05943,-0.029432
0.040009,-0.28832
0.040009,-0.36195
0.10387,0.080268
0.072233,-0.22698
0.049599,-0.22698
-0.054072,-0.24781
-0.093159,-0.34561
-0.35172,-0.46554
-0.46554,-0.78181
-0.54694,-1.2501
-0.88321,-1.2501
-0.54593,-0.84985
-0.41682,-0.57852
-0.12644,-1.286
-1.4063,-1.7961
-1.557,-1.8253
-1.0948,-1.3233
-0.38949,-1.3778
-0.009053,-1.3778
0.87185,-1.0948
2.9166,-0.14896
2.9551,-0.18618
-0.14896,-2.8913
-2.8258,-3.0026
2.3865,-3.0026
-2.8158,-2.8731
2.263,-2.8627
-2.7569,-2.8627
-0.62434,-2.5871
-1.1097,-2.7214
-2.6015,-2.705
-2.396,-2.8318
2.5689,-2.1016
-1.9417,-2.1552
-1.9238,-2.1552
-1.6955,-1.9172
-1.6955,-2.059
2.2863,-1.9238
2.8153,-2.1205
2.2863,-2.292
-2.292,-3.0789
-2.0592,-2.156
-2.0879,-2.2772
-2.23,-2.3882
-2.1908,-2.4482
-2.2608,-2.2836
-2.3693,-2.5404
-2.42,-2.4275
-2.3137,-2.3475
-2.3137,-2.335
-2.2747,-2.4275
-2.2402,-2.3498
-2.0913,-2.3194
-2.3498,-2.4802
-2.3194,-2.594
-0.1718,-0.39047
-0.24781,-0.55155
-0.94751,-1.2501
0.16795,-0.94751
2.9812,2.9551
-2.611,-2.6445
-1.1097,-2.7879
-2.6467,-2.697
-1.9238,-1.9417
-1.9417,-1.9723
-2.1752,-2.2104
-2.6012,-2.6648
-2.4482,-2.5404
-2.2883,-2.3385
2.5088,-2.3498
